id;name;phone;email
1;flame downright render;669.237.3552 x7119;Alysha.Morar@hotmail.com
2;conscientise till questionably;677.544.0045 x535;Lennie.Robel@hotmail.com
3;sandy conservation;1-835-838-2072;Raul_Wunsch4@yahoo.com
4;sari column compromise;1-753-225-9797 x570;Federico_Koch@hotmail.com
5;silo;324.314.1323 x7356;Olin12@gmail.com
6;continually indeed modulo;902.796.4594 x2431;Ryley_Klocko@gmail.com
7;upon among than;976.359.9542;Mikayla.OKon68@yahoo.com
8;flame before;582.734.6487 x44044;Tre28@hotmail.com
9;behind;493.260.3369 x68912;Madisyn47@gmail.com
10;less ambiguity;560-472-4431 x515;Destiny82@hotmail.com
